{"tf-idf": {"hit_rate": {"1": 0.3, "3": 0.5666666666666667, "5": 0.7, "10": 0.8}, "mrr": {"1": 0.3, "3": 0.4277777777777778, "5": 0.4577777777777778, "10": 0.4736507936507936}, "precision": {"1": 0.3, "3": 0.18888888888888883, "5": 0.14000000000000004, "10": 0.08000000000000003}, "recall": {"1": 0.3, "3": 0.5666666666666667, "5": 0.7, "10": 0.8}, "f1": {"1": 0.3, "3": 0.28333333333333327, "5": 0.2333333333333334, "10": 0.1454545454545455}}, "bm25": {"hit_rate": {"1": 0.4666666666666667, "3": 0.7, "5": 0.7333333333333333, "10": 0.7333333333333333}, "mrr": {"1": 0.4666666666666667, "3": 0.5722222222222222, "5": 0.5788888888888888, "10": 0.5788888888888888}, "precision": {"1": 0.4666666666666667, "3": 0.23333333333333325, "5": 0.1466666666666667, "10": 0.07333333333333335}, "recall": {"1": 0.4666666666666667, "3": 0.7, "5": 0.7333333333333333, "10": 0.7333333333333333}, "f1": {"1": 0.4666666666666667, "3": 0.3499999999999999, "5": 0.2444444444444445, "10": 0.13333333333333336}}, "dense-openai": {"hit_rate": {"1": 0.4, "3": 0.5333333333333333, "5": 0.5666666666666667, "10": 0.6666666666666666}, "mrr": {"1": 0.4, "3": 0.4666666666666667, "5": 0.475, "10": 0.4862037037037037}, "precision": {"1": 0.4, "3": 0.17777777777777773, "5": 0.11333333333333336, "10": 0.06666666666666668}, "recall": {"1": 0.4, "3": 0.5333333333333333, "5": 0.5666666666666667, "10": 0.6666666666666666}, "f1": {"1": 0.4000000000000001, "3": 0.2666666666666666, "5": 0.1888888888888889, "10": 0.12121212121212124}}, "dense-huggingface": {"hit_rate": {"1": 0.36666666666666664, "3": 0.7, "5": 0.7666666666666667, "10": 0.8333333333333334}, "mrr": {"1": 0.36666666666666664, "3": 0.5000000000000001, "5": 0.5166666666666667, "10": 0.525925925925926}, "precision": {"1": 0.36666666666666664, "3": 0.23333333333333325, "5": 0.15333333333333338, "10": 0.08333333333333336}, "recall": {"1": 0.36666666666666664, "3": 0.7, "5": 0.7666666666666667, "10": 0.8333333333333334}, "f1": {"1": 0.36666666666666664, "3": 0.3499999999999999, "5": 0.2555555555555556, "10": 0.15151515151515155}}}