{"tf-idf": {"hit_rate": {"1": 0.3333333333333333, "3": 0.5333333333333333, "5": 0.6666666666666666, "10": 0.8333333333333334}, "mrr": {"1": 0.3333333333333333, "3": 0.4277777777777778, "5": 0.4544444444444445, "10": 0.4794444444444445}, "precision": {"1": 0.3333333333333333, "3": 0.17777777777777773, "5": 0.13333333333333336, "10": 0.08333333333333336}, "recall": {"1": 0.3333333333333333, "3": 0.5333333333333333, "5": 0.6666666666666666, "10": 0.8333333333333334}, "f1": {"1": 0.3333333333333333, "3": 0.2666666666666666, "5": 0.22222222222222227, "10": 0.15151515151515155}}, "bm25": {"hit_rate": {"1": 0.43333333333333335, "3": 0.6666666666666666, "5": 0.7, "10": 0.7333333333333333}, "mrr": {"1": 0.43333333333333335, "3": 0.5388888888888889, "5": 0.5455555555555556, "10": 0.5503174603174602}, "precision": {"1": 0.43333333333333335, "3": 0.22222222222222215, "5": 0.14000000000000004, "10": 0.07333333333333335}, "recall": {"1": 0.43333333333333335, "3": 0.6666666666666666, "5": 0.7, "10": 0.7333333333333333}, "f1": {"1": 0.43333333333333335, "3": 0.3333333333333332, "5": 0.2333333333333334, "10": 0.13333333333333336}}, "dense-openai": {"hit_rate": {"1": 0.3, "3": 0.5, "5": 0.5666666666666667, "10": 0.7}, "mrr": {"1": 0.3, "3": 0.4, "5": 0.415, "10": 0.43175925925925923}, "precision": {"1": 0.3, "3": 0.16666666666666663, "5": 0.11333333333333336, "10": 0.07000000000000002}, "recall": {"1": 0.3, "3": 0.5, "5": 0.5666666666666667, "10": 0.7}, "f1": {"1": 0.3, "3": 0.24999999999999994, "5": 0.1888888888888889, "10": 0.1272727272727273}}, "dense-huggingface": {"hit_rate": {"1": 0.43333333333333335, "3": 0.7, "5": 0.7666666666666667, "10": 0.9}, "mrr": {"1": 0.43333333333333335, "3": 0.538888888888889, "5": 0.5538888888888889, "10": 0.5716137566137566}, "precision": {"1": 0.43333333333333335, "3": 0.23333333333333325, "5": 0.15333333333333338, "10": 0.09000000000000004}, "recall": {"1": 0.43333333333333335, "3": 0.7, "5": 0.7666666666666667, "10": 0.9}, "f1": {"1": 0.43333333333333335, "3": 0.3499999999999999, "5": 0.2555555555555556, "10": 0.1636363636363637}}}