{"tf-idf": {"hit_rate": {"1": 0.43333333333333335, "3": 0.6, "5": 0.6333333333333333, "10": 0.8}, "mrr": {"1": 0.43333333333333335, "3": 0.5055555555555555, "5": 0.5122222222222222, "10": 0.5392063492063492}, "precision": {"1": 0.43333333333333335, "3": 0.19999999999999993, "5": 0.1266666666666667, "10": 0.08000000000000003}, "recall": {"1": 0.43333333333333335, "3": 0.6, "5": 0.6333333333333333, "10": 0.8}, "f1": {"1": 0.43333333333333335, "3": 0.29999999999999993, "5": 0.21111111111111114, "10": 0.1454545454545455}}, "bm25": {"hit_rate": {"1": 0.43333333333333335, "3": 0.6, "5": 0.7, "10": 0.7666666666666667}, "mrr": {"1": 0.43333333333333335, "3": 0.5055555555555555, "5": 0.5305555555555556, "10": 0.5398148148148147}, "precision": {"1": 0.43333333333333335, "3": 0.19999999999999993, "5": 0.14000000000000004, "10": 0.07666666666666669}, "recall": {"1": 0.43333333333333335, "3": 0.6, "5": 0.7, "10": 0.7666666666666667}, "f1": {"1": 0.43333333333333335, "3": 0.29999999999999993, "5": 0.2333333333333334, "10": 0.13939393939393943}}, "dense-openai": {"hit_rate": {"1": 0.3, "3": 0.5, "5": 0.5333333333333333, "10": 0.6}, "mrr": {"1": 0.3, "3": 0.39444444444444443, "5": 0.4011111111111111, "10": 0.41142857142857137}, "precision": {"1": 0.3, "3": 0.16666666666666663, "5": 0.10666666666666669, "10": 0.06000000000000002}, "recall": {"1": 0.3, "3": 0.5, "5": 0.5333333333333333, "10": 0.6}, "f1": {"1": 0.3, "3": 0.24999999999999994, "5": 0.1777777777777778, "10": 0.10909090909090911}}, "dense-huggingface": {"hit_rate": {"1": 0.4, "3": 0.7333333333333333, "5": 0.8, "10": 0.8666666666666667}, "mrr": {"1": 0.4, "3": 0.5555555555555555, "5": 0.5705555555555555, "10": 0.5788888888888888}, "precision": {"1": 0.4, "3": 0.24444444444444435, "5": 0.16000000000000006, "10": 0.0866666666666667}, "recall": {"1": 0.4, "3": 0.7333333333333333, "5": 0.8, "10": 0.8666666666666667}, "f1": {"1": 0.4000000000000001, "3": 0.36666666666666653, "5": 0.2666666666666668, "10": 0.15757575757575765}}}